title,critics_consensus,date,duration,genre,rating,images,amount_reviews,approval_percentage
太陽之家,把眼睛閉上，就能慢慢看見將來會蓋在這裡的房子喔！  信吾（長渕剛）是鎮上首屈一指的木匠工頭，給人滿滿「硬漢」印象，渾身散發職人光采的他，同時也是個古道熱腸的男人，他的夢想是希望帶給所有人快樂與滿足。他有一位能幹的妻子美沙希（飯島直子），以及正值青春年華的女兒柑奈（山口麻友），三人過著平凡幸福的日子。直到某天，信吾在工地遇見了美女保險員芽衣（廣末涼子），芽衣是一名單親媽媽，與小學二年級的兒子龍生相依為命。總是對美女無法招架的工頭大叔，不僅買了保險，還莫名答應芽衣把龍生帶回家照顧二個星期。面對害羞內向、缺乏父愛的龍生，信吾決心要好好鍛鍊龍生，讓他成為一名正港的男子漢。龍生逐漸敞開心房，真心愛上這個像是「父親」一樣的工頭大叔。隨著兩人感情愈來愈好，信吾默默作出了一個決定，要為芽衣和龍生母子親手打造一間房子，卻也因此和妻子、女兒，以及徒弟高史（瑛太）關係陷入緊張，直到某天，一名自稱是龍生父親的男人突然出現…。  【關於電影】  長渕剛出道40週年首次挑戰柔情主題，自然傳遞情感的溫度 《太陽之家》以柔情為主軸，自然表達各種不同形式的愛。故事以長渕剛飾演的川崎信吾為主角，講述他在面對人與人之間的複雜關係以及對家庭羈絆的掙扎，同時如何去堅持屬於自己家庭之愛的信念。作為長渕剛出道40週年的作品，其中有許多故事與意義都來自他的想法，他在訪問中說到：「每個人都會對劇本擁有不同的想法、激情與愛，但這些情感並不會自行從劇本中生長，而演員便要藉著這些情緒與專業讓劇本更加立體。」因此許多橋段都並非原本劇本的安排，而是隨人物的真正心情推進；為了能具體且自然的呈現，権野元導演會與演員們花上大量的時間相處與討論，讓他們發揮個人色彩與身而為人的那份柔軟特質。電影中所講求的真實感，除了透過演員的表演之外，「房子」也是十分重要的一環，由於主角的木匠身分，使導演避免利用動畫去呈現這個信吾的重要之物，因此劇中所出現的房子請來真正的木匠從基礎去建造而成，同時也希望觀眾可以感受到劇組傳遞出屬於人的「溫度」。  主題曲是送給劇組的情書，展現真實《太陽之家》的溫暖情感 「家庭的羈絆並非血緣的連結，而是只要擁有愛就可以成為家人。」是《太陽之家》最直接傳遞的核心，飾演主角妻子的飯島直子在採訪中提及：「每一位觀眾都能以不同的角度從中感受到愛，每一個人所認為的愛也不同；愛是存在於每一個人日常生活中的。」希望觀眾能體會到這個故事充滿著「深厚的愛」。劇組之間也有著溫暖緊密的氛圍，在拍攝現場長渕剛會以「直醬」稱呼飯島直子，飯島直子也不時關心著山口麻友，以及大家與飾演龍生的童星潤浩時常有純真可愛的互動，開朗與溫馨感讓「太陽之家」更顯得真實。電影主題曲〈Orange〉由長渕剛操刀製作， 歌曲的樣貌也在進入拍攝後半段時出現於他耳中，他形容「這首歌是大家的成果，不想與如此充滿愛的團隊分離，因此寫了這首像情書般的歌曲送給大家。」藉由歌曲表現出「此刻」的那股溫柔，也傳遞了太陽之家的美好關係。,上映日期：2020-09-25,片　　長：02時02分,,4.2,"[{'url': 'https://movies.yahoo.com.tw/i/o/production/movies/July2020/7noZYHT0oKUdXBBJtbI6-1024x1448.jpg', 'path': '太陽之家.jpg', 'checksum': 'f8d8a94d3b0028aec510591efa6f40d3', 'status': 'downloaded'}]",79,
性之劇藥,「因為我的原因，全都變得一無所有了...」  原本有個完美人生的菁英上班族桂木，卻一夕之間失去所有，在酒醉又絕望下想一了百了。  「如果你想要捨棄這條命的話，那就把他交給我吧！」突然出現一位神秘男子余田的幫忙，但卻也沒想到這是監禁調教生活的開始...。  【關於電影】  根據原作水田YUKI累計販售破百萬下載的賣座BL電子漫畫『性之劇藥』（BoysFan刊物）。本作品是以「性」來找尋「活著」的意思，在故事上很重要的性愛描述也是真真實實地拍成真人電影，並以R-18限制級為製作前提下進行拍攝。  導演城定秀夫是以「成為我的奴隸 新章」和「新宿Punch」等作品為人所知，濃厚性愛演出畫面和卓越的說故事拍攝手法，受到很多電影粉絲的熱烈支持。 ,上映日期：2020-09-25,片　　長：01時29分,,2.6,"[{'url': 'https://movies.yahoo.com.tw/i/o/production/movies/September2020/FlFx4j8GWMfo2NZDTHy0-697x985.jpg', 'path': '性之劇藥.jpg', 'checksum': '67f8866205af910fab40fd487f584671', 'status': 'downloaded'}]",75,
重啟咲良田 後篇,★誰都沒看過的故事，潛力作家河野裕最高傑作電影化！ ★2009發表的人氣作品「重啟咲良田」漫畫改編成真人電影。 ★第8回大學讀書人大賞人氣作家河野裕的原點作品。 ★如同「日本五月天」的流行搖滾樂團Flumpool創作電影主題曲、片尾曲 ★2020除了天能以外，不能錯過的時空穿越奇幻懸疑電影  「重啟」，僅此一句，就可以將世界倒流最多3天的時間。 圍繞著這卓越的能力，在能力者的城市“咲良田”展開超乎想像的故事。  擁有驚人的「記憶保持」能力的高中男生淺井惠，與擁有「重啟」能力的春埼美空，為了復活2年前去世的同班同學相麻菫，並肩攜手挑戰組合各種能力的策略。  這是一部時間觀念錯綜的讓觀眾緊迫的懸疑故事，同時也是一剎那的激動和悲傷打動人心的青春浪漫故事。  扮演主角的野村周平在不同作品中表現出不同類型的角色，具有豐富的演技能力。扮演春埼的黑島結菜透過清澈的存在感吸引著電影界的矚目。其他平祐奈、健太郎、玉成蒂娜、恆松祐里等也都是卓越的新人。  再加上，加賀真理子、及川光博等富有電影風格的實力派演員支援整部電影。flumpool專門針對本作品寫的主題曲「Last call」為電影添加色彩。  深川榮洋是表現能力非常廣闊的新銳導演。他在「仰望半月的夜空」、「神的病歷簿」等作品呈現出富有情感的演出和描寫，讓觀眾深受感動。跨越前後兩篇的新穎青春電影，誕生於此。 ,上映日期：2020-09-25,片　　長：02時06分,劇情,0.0,"[{'url': 'https://movies.yahoo.com.tw/i/o/production/movies/September2020/unu7uTqlFThQfCDqlM76-789x1080.jpg', 'path': '重啟咲良田後篇.jpg', 'checksum': '06666573747bd7dd84851143fdf44493', 'status': 'downloaded'}]",57,
重啟咲良田 前篇,★誰都沒看過的故事，潛力作家河野裕最高傑作電影化！ ★2009發表的人氣作品「重啟咲良田」漫畫改編成真人電影。 ★第8回大學讀書人大賞人氣作家河野裕的原點作品。 ★如同「日本五月天」的流行搖滾樂團Flumpool創作電影主題曲、片尾曲 ★2020除了天能以外，不能錯過的時空穿越奇幻懸疑電影  「重啟」，僅此一句，就可以將世界倒流最多3天的時間。 圍繞著這卓越的能力，在能力者的城市“咲良田”展開超乎想像的故事。  擁有驚人的「記憶保持」能力的高中男生淺井惠，與擁有「重啟」能力的春埼美空，為了復活2年前去世的同班同學相麻菫，並肩攜手挑戰組合各種能力的策略。  這是一部時間觀念錯綜的讓觀眾緊迫的懸疑故事，同時也是一剎那的激動和悲傷打動人心的青春浪漫故事。  扮演主角的野村周平在不同作品中表現出不同類型的角色，具有豐富的演技能力。扮演春埼的黑島結菜透過清澈的存在感吸引著電影界的矚目。其他平祐奈、健太郎、玉成蒂娜、恆松祐里等也都是卓越的新人。  再加上，加賀真理子、及川光博等富有電影風格的實力派演員支援整部電影。flumpool專門針對本作品寫的主題曲「Last call」為電影添加色彩。  深川榮洋是表現能力非常廣闊的新銳導演。他在「仰望半月的夜空」、「神的病歷簿」等作品呈現出富有情感的演出和描寫，讓觀眾深受感動。跨越前後兩篇的新穎青春電影，誕生於此。 ,上映日期：2020-09-25,片　　長：01時43分,劇情,0.0,"[{'url': 'https://movies.yahoo.com.tw/i/o/production/movies/September2020/9xjuiGBPr0Mkw9JQPztb-789x1080.jpg', 'path': '重啟咲良田前篇.jpg', 'checksum': '3322e8d0d16736a59a27c091e8c8b390', 'status': 'downloaded'}]",63,
叢林拳霸,★ 《魔蠍大帝》票房強導恰克羅素再創動作巔峰 ★ 宛如《拳霸》加上《怪醫杜立德》的生猛狂想！ ★ 印度當紅性感男星維帝傑馬近身肉搏拳拳到肉演出 ★ 為了捍衛叢林，他們將不惜一切代價！ ★ 2019 成龍國際動作電影節評審團特別獎、最佳動作設計   拉吉從小和村落的大象一同長大，其中一頭大象寶拉更是他最好的朋友。長大後的拉吉成為了獸醫，並在孟買經營著一家生意興隆的獸醫診所。為了紀念母親十周年忌日，拉吉回到了他的家鄉－－一個知名的大象保護區，並和他最好的朋友寶拉重逢，但在全村落開心慶祝拉吉返鄉之際，盜獵者也對寶拉那價值連城的象牙虎視眈眈，並且計畫讓拉吉成為竊取象牙的代罪羔羊…… ,上映日期：2020-09-25,片　　長：01時55分,冒險,4.0,"[{'url': 'https://movies.yahoo.com.tw/i/o/production/movies/September2020/2XrK35gyTl2I4Ho5Qs4X-756x1080.jpg', 'path': '叢林拳霸.jpg', 'checksum': '5d8688eb9bf4466459166d98f20caaea', 'status': 'downloaded'}]",94,
情慾對決,★ 韓國票房冠軍，票房吸金224億！ ★ 《信徒》金柱赫 ×《寄生上流》趙汝貞 從影最突破演出！ ★ 一場爾虞我詐、情慾流竄的求愛對決即將展開……  跟隨夢龍（柳昇範 飾）準備進京趕考的僕人方子（金柱赫 飾），對妓生之女春香（趙汝貞 飾）一見鍾情。雖知主人夢龍也對春香懷有愛意，但方子仍無法克制自己的感情，而對春香吐露自己對她的心意。而春香也對充滿男子氣概又柔情的方子動心，選擇投入方子的懷抱。  然而，春香仍無法放棄飛上枝頭變鳳凰的美夢，她在夢龍要赴試前和他做了約定，但方子即使知道後仍無法放棄春香。後來，一舉高中狀元的夢龍回來後，向春香拋出了充滿誘惑的條件，究竟方子是否能守住春香的心呢？ ,上映日期：2020-09-25,片　　長：02時04分,劇情,4.2,"[{'url': 'https://movies.yahoo.com.tw/i/o/production/movies/September2020/0s2ts5Ct9WsUpTyvmwfe-756x1080.JPG', 'path': '情慾對決.jpg', 'checksum': '6d5938e31580b0b48fa15799db790bfb', 'status': 'downloaded'}]",89,
殺戮荒村,★ 榮獲第72屆坎城影展評審團獎肯定 ★ BBC評為2020年10大最精彩電影 ★ 紐約時報讚嘆「驚心的政治寓言」 ★ 致敬《月光光心慌慌》《突變第三型》驚悚大導約翰．卡本特 ★ 媲美《決殺令》《險路勿近》的血色懸疑之作 ⠀⠀⠀⠀⠀⠀⠀⠀⠀ 在不久的將來，一個名為「巴庫勞」的村子裡，村民正忙著哀悼女村長的辭世，於此同時怪事悄悄地接二連三發生，手機失去訊號、棺材滲水、幾乎與世隔絕的村子也突然來了訪客，而大家也發現，村子在地圖上被消失了……,上映日期：2020-09-25,片　　長：02時11分,,3.8,"[{'url': 'https://movies.yahoo.com.tw/i/o/production/movies/September2020/3dmjxm6tXnCnAxhSgQdW-1024x1458.jpg', 'path': '殺戮荒村.jpg', 'checksum': '9fa51941cf222d4fca295215383bcd94', 'status': 'downloaded'}]",98,
電影哆啦A夢：大雄的新恐龍,★日本票房冠軍 ★ 「哆啦A夢」50週年紀念作品，第40部長篇劇場版系列作品！ ★ 《哆啦A夢：大雄的金銀島》編導搭檔 今井一曉 X 川村元氣 聯手再出擊 ★ 日劇天王 木村拓哉 X 搞笑女王 渡邊直美 特別獻聲演出 ★ 日本搖滾天團「Mr.Children」動人打造雙主題曲〈Birthday〉〈君と重ねたモノローグ〉 ★ 日語原音版本、中文配音版本同步獻映  大雄在恐龍博物館參加挖掘化石體驗時，偶然發現了一個化石，深信這是個恐龍化石的大雄，使用了哆啦A夢的道具「時光布」讓化石回到原本的狀態……結果竟然孵化了恐龍雙胞胎小Ｑ與小妙！而且，這兩隻恐龍似乎是從來沒被發現過的新品種。跟大雄一樣有點靠不住的小Ｑ以及個性活潑的小妙，兩隻恐龍雖然個性天差地遠，大雄還是像父母一樣用愛呵護著牠們長大，但是恐龍終究還是無法在現代生存長大。  於是，大雄下定決心要將小Ｑ與小妙帶回屬於牠們的年代，與哆啦A夢跟夥伴們一起前往6600萬年前的白堊紀末期。一場找尋小Ｑ與小妙同伴的大冒險就此展開……靠著哆啦A夢的道具與恐龍們的力量，大雄一行人循著恐龍的足跡來到了一座神祕島嶼。然而，在白堊紀迎接他們的竟是恐龍即將滅絕的命運。小Ｑ與小妙，以及大雄一行人的命運又將會如何……？,上映日期：2020-09-25,片　　長：01時50分,冒險,4.6,"[{'url': 'https://movies.yahoo.com.tw/i/o/production/movies/August2020/YGcI1xPD6seMKbRdbMsW-756x1080.JPG', 'path': '電影哆啦A夢：大雄的新恐龍.jpg', 'checksum': 'f43ee0110549bf20213720aad19a102d', 'status': 'downloaded'}]",92,
法蒂瑪的奇蹟,★ 《冰與火之歌：權力遊戲》首席攝影師編導之作 ★ 啟發自真實事蹟，再現天主教「玫瑰法蒂瑪聖母」顯靈神蹟 ★ 烽火連天的1917年，3名孩子將為這個世界帶來奇蹟  《法蒂瑪的奇蹟》講述了一個十歲的牧羊少女和她的表弟妹在葡萄牙法蒂瑪見證「聖母瑪利亞異象」的故事，聖母的顯靈鼓舞了信眾，而隨著他們的預言傳開，成千上萬的宗教朝聖者蜂擁而至，然而，這卻激怒了教會和世俗政府的官員…… ,上映日期：2020-09-25,片　　長：01時53分,,4.2,"[{'url': 'https://movies.yahoo.com.tw/i/o/production/movies/August2020/lWcKsc9OEgyGh28PSCLS-500x714.jpg', 'path': '法蒂瑪的奇蹟.jpg', 'checksum': '30f7c13822af929db7728d7aaa42e75a', 'status': 'downloaded'}]",89,
怪物先生,季末（春夏 飾）從小就因為能看見「怪物」而被視作異類，直到有一天她在工作的超市再次看到了「怪物」並神奇的邂逅了「怪物先生」—猛哥（余文樂 飾），她才發現原來世界上真的有「怪物」存在。猛哥幸運地解決了在超市出現的怪物，但打怪的過程不幸被監控器拍下並流出，兩個年輕人因此捲入了一場新的風波。,上映日期：2020-09-11,片　　長：01時44分,奇幻,3.2,"[{'url': 'https://movies.yahoo.com.tw/i/o/production/movies/August2020/WLeVOduKpCjwzzeonlZC-757x1080.jpg', 'path': '怪物先生.jpg', 'checksum': 'bdc44f8ac53590d63ce5734b00364da1', 'status': 'downloaded'}]",60,
八月三十一日，我在奧斯陸,★21世紀厭世系絕美神作 ★北歐詩意光景經典重溫 ★坎城影展一種注目撼世傑作 ★斯德哥爾摩影展、挪威奧斯卡多項大獎  即將戒毒期滿的安德斯，獲得一個面試機會。這天，奧斯陸陽光普照。回到城市的他，試圖和自己的過去重新搭上線。他拜訪老友、參加派對、認識陌生人，也嘗試與前女友聯絡，像是在尋回熟悉，也像在尋找新的開始。但無從抹去的是，心中仍不斷為他所辜負過的人事物感到愧疚。雖還年輕，但總覺自己的生命逐漸剝落，甚至已然結束，彷彿一切只是徒勞無功，那些綑綁著他的夢魘，再度浮現。一個人、一座城市，在即將重獲新生與過往和解的24小時裡，伴隨著刺眼的陽光、凝結的空氣與潛伏的不安。在這結束和開始之間，他將如何迎向下一個明天？  改編自1931年法國小說〈鬼火〉，名導路易馬盧亦曾於1963年翻拍成同名電影。在《八月三十一日，我在奧斯陸》中，跟隨著主人翁穿梭於靜謐的城市和街區、漫遊著堆疊的憂傷與質疑，透過導演精準而簡約的創作質地，完美捕捉虛實之間乍現的幽微靈光。而那份對人性的悲憫、細膩的覺察，與生命的辯證，都在在成就了本片於此世代下，無可動搖的經典地位。,上映日期：2020-08-28,片　　長：01時35分,,3.3,"[{'url': 'https://movies.yahoo.com.tw/i/o/production/movies/August2020/5M2N9KeNSuFzSaQoKk0B-505x720.jpg', 'path': '八月三十一日，我在奧斯陸.jpg', 'checksum': '75ed5fb785c5490c4a5d063e3b413ee9', 'status': 'downloaded'}]",86,
日間演奏會散場時,,上映日期：2020-07-31,片　　長：02時03分,,3.9,"[{'url': 'https://movies.yahoo.com.tw/i/o/production/movies/July2020/K4ibSqmZK2Od4WfOfPw8-1501x2139.jpg', 'path': '日間演奏會散場時.jpg', 'checksum': 'aa10ec0ebc445a153b93d8ef5a58f447', 'status': 'downloaded'}]",82,
隱藏的畫家,★ 2020柏林影帝之作．義大利梵谷 傳奇再現 ★ 20世紀瘋子天才畫家 安東尼奧利加布 傳記 ★ 坎城影帝 艾利歐傑曼諾 脫胎換骨驚人詮釋 ★ 榮獲 義大利銀緞帶最佳年度電影 多項大獎  一生瘋狂，卻無法阻止他創作 電影回顧 安東尼奧利加布 震驚全義大利的戲劇性人生，自幼就展現繪畫天賦的他，童年卻十分坎坷，義大利父母非法到德瑞邊境打零工，母親過世後，被送給一對夫妻收養，但精神問題卻讓他不受歡迎，隨著身分問題被揭發，而被迫遣送回義大利。一生顛沛流離，進出精神病院無數次，直到認識了一名雕刻家，開始學習畫畫和雕塑，而成為了20世紀重要的素人藝術畫家。電影由義大利金像導演 喬治歐迪里蒂 指導，今年柏林影展首映獲得熱烈回響，義大利金像三度稱帝的坎城影帝 艾利歐傑曼諾 如附其身的強大演技，更是不負眾望一舉榮獲柏林影展最佳男主角等多項國際大獎，重新喚起藝術史上一代狂人的傳奇色彩。,上映日期：2020-08-07,片　　長：02時00分,,4.1,"[{'url': 'https://movies.yahoo.com.tw/i/o/production/movies/July2020/nqrKtA8anNnKPfR4wnS1-506x720.jpg', 'path': '隱藏的畫家.jpg', 'checksum': '6f293df3568d47b1e6514449c1a7ace7', 'status': 'downloaded'}]",82,
哈囉少女,★女生小圈圈　閨蜜還是敵人？ ★《甜蜜殺機》連奕琦監製　年度話題校園片 ★開美肌 婊心機　社群風暴將席捲花邊少女少男們  神秘寡言的轉學生允蘅，初來乍到就被捲入暗潮洶湧的女孩心機；想連任校園親善大使的可茜，想方設法建立自己的姐妹勢力；率真直言的力加，看不慣可茜恩威並施的手段，挺身而出的同時卻也陷入鬥爭的漩渦，姊妹過招各鬥心機。一場生日派對後，少女被偷拍的性愛影片在網路上流傳，流言蜚語四起，少女花邊日記開始變調。  直播、偷拍、肉搜，少男少女們的校園小圈圈不再平靜，一場風雨欲來的網路社群風暴即將襲來！為好友伸張正義的她，在越接近真相的同時，也揭露校園內令人坐立難安的真相……。,上映日期：2020-08-07,片　　長：01時22分,,4.0,"[{'url': 'https://movies.yahoo.com.tw/i/o/production/movies/June2020/jK8Jb9bkYoF6QcDuml6p-504x720.jpg', 'path': '哈囉少女.jpg', 'checksum': 'bb29af1c47952979dc813f9999f48c38', 'status': 'downloaded'}]",76,
棕櫚泉不思議,★美劇《荒唐分局》安迪山伯格大銀幕再現加倍「荒唐」人生 ★愛到「天長地久」竟成真，陷入「時空循環」頭好疼！ ★ 昨天是今天，明天也是今天… ★ 爛番茄影評網93％好評推薦 ★ 2020 日舞影展 ★ 打破日舞影展授權金史上最高成交紀錄  浪子奈爾斯（安迪山伯格 飾）在一場婚禮上邂逅了不想當伴娘的莎拉（克莉絲汀米莉歐蒂 飾），兩人原本應該展開一段浪漫戀情，不料，卻因一起意外雙雙陷入「時空輪迴」！不管發生什麼事，兩人只要閉眼再醒來，就會發現自己一再地重複回到過去的某一刻。在認清這個無法逃避的詭異命運後，他們決定放手一搏，挑戰以前從未做過的事情…… ,上映日期：2020-08-19,片　　長：01時30分,科幻,4.3,"[{'url': 'https://movies.yahoo.com.tw/i/o/production/movies/August2020/YO6Sxf1tZATIPdOL1XMn-500x714.jpg', 'path': '棕櫚泉不思議.jpg', 'checksum': 'a9b3f5d8c060c788b3e3df6bb2b9bbe0', 'status': 'downloaded'}]",96,
雙面追緝,★榮登韓國六月新片票房冠軍 ★經典神劇《信號》、《毒戰》演技派男星 趙震雄 再度化身正義警探，追查謎樣多重真相 ★韓劇多產作品實力派 裴秀彬 X《與神同行》鄭海均  名叫炯求的刑警(趙震雄飾) 前來調查小鎮上發生的神祕火災，他探查每一個村民，卻得不到任何線索，全村總有種不安的詭譎氣氛。一晚，村民們邀請炯求作客，酒後三巡，炯求失去意識，第二天他醒來時，全村民卻尊稱他為“老師”，炯求漸漸意識到他變成了小鎮上另一個身分…這到底是一場夢、騙局、還是現實…他要如何發掘這一連串的謎團真相！？,上映日期：2020-07-31,片　　長：01時45分,懸疑/驚悚,3.4,"[{'url': 'https://movies.yahoo.com.tw/i/o/production/movies/July2020/HPueTqmPbcoeW3xIy3U2-505x720.jpg', 'path': '雙面追緝.jpg', 'checksum': '48675587bde11b64d260d9d005b94693', 'status': 'downloaded'}]",100,
死因無可疑,★改編自日本知名作家貴志祐介經典作品《黑色之家》，獲得日本驚悚小說大賞首獎，暢銷突破百萬冊 ★金馬影后林嘉欣改頭換面扮傷殘的怪媽媽，聯手金獎影帝黃秋生合作，飆出嚇人神演技 ★一條人命值多少錢？一對古怪夫妻的兒子上吊自殺，保險員直覺是詐領保險金的謀殺案，越調查就越陷入危機之中  保險經紀葉永信（陳家樂 飾）做事熱情認真，一天突然被神秘客戶指定跟進一張保單，上門拜訪時，竟然親眼目睹客戶朱重德（黃秋生 飾）的兒子吊死在潻黑的房間內，嚇出一身冷干的他，認為朱重德在現場的反應古怪，直覺認定他是為了詐取保險金而殺了兒子，決心對朱重德和他殘障的妻子沈子玲（林嘉欣 飾）展開調查。  葉永信卻驚覺越接近真相的同時，恐嚇的事件接二連三地發生，危險向他和他身邊的人逐步逼近，他也處身死亡邊緣...。,上映日期：2020-07-03,片　　長：01時50分,,4.2,"[{'url': 'https://movies.yahoo.com.tw/i/o/production/movies/June2020/1M6V6wXrKvNeCvtTRDAt-504x720.jpg', 'path': '死因無可疑.jpg', 'checksum': '5a142e784696babd096d76e3e11c867a', 'status': 'downloaded'}]",99,
頭號粉絲,「沒有我，你他媽什麼也不是！」~頭號粉絲 患有亞斯伯格症的穆斯是個重度影痴，對經典恐怖片尤其著迷。杭特鄧巴是他最崇拜的男星，他的每部電影台詞穆斯都能倒背如流，還收藏了所有的電影海報、DVD以及電影周邊，一切就只缺他的親筆簽名了。這天，死忠的穆斯終於等到巨星杭特舉行簽名會，穆斯苦苦排了一個多小時，就快輪到他時，杭特卻因故提前結束簽名會，但是這無法讓穆斯死了這條心。他透過「追星」APP找到了杭特的地址，卻被杭特誤以為是跟蹤狂，狠狠教訓了一頓。被冤枉的穆斯一心想跟偶像告白，他在夜間偷偷闖入豪宅，趁著杭特沉睡時搞起自拍，還將照片上傳到社群媒體大肆炫耀。眼見一切就要失控了，杭特隔天醒來竟發現自己被五花大綁在床上……  本片改編自美國金屬樂團Limp Bizkit（林普巴茲提特）主唱佛瑞德斯特被粉絲騷擾到忍無可忍的親身經驗。佛瑞德斯特找來他的偶像約翰屈伏塔飾演這名恐怖大叔，一心追星，無所不用其極，卻意外粉碎了巨星的一生。片中充斥著潑汽油、戳眼、爆手等情節，爽度更勝《戰慄遊戲》。  【關於電影】  名樂團主唱不堪粉絲騷擾經歷改編成電影，約翰屈伏塔升格電影製片 電影合作起源於約翰屈伏塔拍攝電影《浴火英雄》的殺青酒會，當時導演佛瑞身為瓦昆菲尼克斯的好友，當晚他抓緊機會與偶像約翰屈伏塔暢談甚歡，雙方約定好如果有機會一定要合作拍電影。沒想到十五年之後，佛瑞將自身經驗改編成電影劇本，’ 瘋狂粉絲的角色完全就是為約翰屈伏塔量身訂做，劇本完成後更是立刻獲得他的首肯，不僅擔任男主角，還從協助選角、造型建議，到幫忙籌措資金，一肩扛起製片的工作。對於偶像與粉絲文化，約翰屈伏塔大方表示他在不同時期，也有過許多不同的偶像，例如披頭四、芭芭拉史翠珊等等，「如果沒有偶像文化，那人們將沒有創造力。」相較於導演的不堪騷擾，約翰屈伏塔表示「我由衷感謝我的粉絲們，沒有他們，我什麼都不是。」  約翰屈伏塔從影以來最滿意的演出，栗子頭造型撞臉當紅韓星 巧合的是，美國媒體將約翰屈伏塔飾演的「瘋狂粉絲」和瓦昆菲尼克斯飾演的「小丑」相互對照。對此屈伏塔表示瓦昆菲尼克斯飾演的小丑是一個精神扭曲的角色，而他在《頭號粉絲》飾演的穆斯一角並非精神病患，「穆斯有輕微的亞斯伯格症，我不認為自閉症類群障礙是一種精神疾病，而是一種精神的狀態。」他形容，穆斯不過是缺乏交互性社交互動、有溝通障礙，無法分辨真實與虛擬世界，但他從頭到尾沒有惡意。約翰屈伏塔聲稱詮釋這個如孩童般純真的自閉大叔，是他從影以來最具挑戰的演出，因為這是與他個人反差最大的角色，「我以《頭號粉絲》這部電影為榮，同時我非常滿意我在裡面的演出，這也許是我最喜歡的角色之一。」 ,上映日期：2020-07-03,片　　長：01時29分,,2.9,"[{'url': 'https://movies.yahoo.com.tw/i/o/production/movies/May2020/rS7P4jHC3aat3MlkFMep-800x1178.jpg', 'path': '頭號粉絲.jpg', 'checksum': 'b75425a0304a2371b92682425dfeb0a8', 'status': 'downloaded'}]",94,
破處,★ 想登大人？少年郎脫魯必看寶典 ★ 荒謬「性」喜劇國片　人不中二枉少年 ★ 濃濃青春賀爾蒙的冒險電影  神器以巨屌跟處男聞名於學校間，有令人羨慕的身體和單純直男腦袋。  阿烈，來自香港的富家子，聰明搞怪。  行影不離的兩人是學校裡的最佳拍檔，成日盡惡搞些白爛事。在神器十八歲生日當天，好兄弟阿烈堅持要帶神器破處，於是在網路上約熟女姐姐來幫助神器破處「轉大人」。但這場破處之夜，竟然讓這對難兄難弟得要開始準備跑路？！ ,上映日期：2020-07-03,片　　長：01時41分,喜劇,2.7,"[{'url': 'https://movies.yahoo.com.tw/i/o/production/movies/May2020/I398BDR7djfzIhba07hv-702x1000.jpg', 'path': '破處.jpg', 'checksum': '2db62d65574706589bebd1b836b52712', 'status': 'downloaded'}]",72,
打噴嚏,一生懸命 就是男孩給女孩的終極愛情 孤兒院長大的王義智（柯震東 飾），遇見了會疼惜他、照顧他的心心姐姐（林依晨 飾），兩個人培養了深厚的情感，心心姐姐也成為義智心中最牽掛的人。心心姐姐只要想到義智，就會不自覺地打噴嚏。長大後，心心姐姐離開孤兒院到城市工作，義智下定決心要成為心心姐姐喜歡的「勇敢的男生」，於是開始苦練拳擊。藉由對心心姐姐的愛與執著，義智在擂臺上屢戰屢起，獲得了「不倒俠」的封號。此時，邪惡的居爾博士策劃著巨大的陰謀，當心心姐姐陷入危險，義智終於明白自己存在的意義，他永遠不能成為超級英雄，但他永遠是心心姐姐的專屬超人。  【關於電影】  柯震東林依晨製造「打噴嚏浪漫」掀浪漫突進旋風 她打噴嚏 因為被愛 他打拳擊 是為了愛 繼青春純愛電影《那些年，我們一起追的女孩》、《等一個人咖啡》之後，九把刀同名小說《打噴嚏》改編登上大銀幕，由戚家基與柯孟融共同執導。電影結合愛情、青春、戰鬥、搞笑、奇幻等元素，香港導演戚家基在科幻和動作片領域有著豐富的執導和製作經驗，而台灣導演柯孟融曾入圍東京、首爾等短片影展奇幻單元，共同打造這部兼具精彩動作場面與深刻熱血愛情之作。《打噴嚏》由柯震東、林依晨主演，柯震東精湛詮釋如你我般平凡不已卻充滿熱血深情的大男生，但他卻是林依晨的過敏源，只要一想到柯震東，她就立刻會「打噴嚏！」以前是當有人說壞話會打噴嚏，電影《打噴嚏》的噴嚏卻是柯震東與林依晨的戀愛連線密語。這股打噴嚏製造浪漫突進的旋風，即將席捲台灣觀眾的心！  中二男孩轉大人 不變執著一生懸命愛到底 「妳身邊那人，也許不是真命天子，但他可能是妳的專屬超人。 」 《打噴嚏》環繞著男主角純真的初戀，為喜歡的女生不斷用盡蠢方法，只希望讓對方看自己、愛上自己，選擇練拳擊，是他唯一尋找自己存在的意義，看過原著小說的讀者們都高呼，「故事讓人有握緊拳頭掉眼淚的激動感！」柯震東在《打噴嚏》中一句台詞爆炸式深情大喊「 我沒有要你同情我， 也沒有要你跟我在一起，什麼都沒有跟你要！」撩好撩滿觀眾的心，從愛看少年漫畫的熱血，中二男孩轉大人，為2020年帶來「一生懸命戀愛系」男子風潮，要讓女性觀眾們繼身邊「大仁哥」後，找到真正屬於自己命中注定的專屬超人！  柯震東 「只要站起來 就不算輸」到底也不怕的熱血 屢敗仍屢戰的勇氣 是《打噴嚏》最獨一無二的存在 絕對要觀眾握緊拳頭、超級感動！ 柯震東主演《打噴嚏》詮釋一個平凡的拳擊手，愛情是讓他僅有讓自己人生勇敢的動力，因為青梅竹馬林依晨一句「喜歡勇敢的男生！」讓他就算一次又一次在拳場上被重擊，也堅持不倒下，為了守護摯愛的熱切心意，就是他無敵的超能力。跟一般的英雄不同，《打噴嚏》是屢敗卻仍屢戰的勇氣貫穿全場，拳擊場的男主角，就彷彿是大家小時候都曾想擁有拯救世界的超人化身，就算是平凡小人物也能有站上擂台的超能量，即使可能會粉身碎骨，也要對人生揮出飽滿愛意的一拳，讓觀眾看完激動地說，「希望能像柯震東一樣揮拳，當個帥氣的男人！」《打噴嚏》讓男神柯震東從戲裡到戲外都徹底轉變成獨樹一幟又熱血的英雄化身，不怕打擊、面對人生的一切困難，他就是自己人生的不倒俠。李小龍曾說過：「我不怕會一萬種招式的人， 我只怕把一種招式練超過一萬次的對手。」《打噴嚏》堅持倒了要再站起來、堅持一個招式練到最強、堅持做下去的精神，就是這部片最獨一無二的熱血。 ,上映日期：2020-07-15,片　　長：未提供,動作,2.8,"[{'url': 'https://movies.yahoo.com.tw/i/o/production/movies/May2020/3seH0VLQMOyt3eNl7vnM-504x720.jpg', 'path': '打噴嚏.jpg', 'checksum': '86f1ae3ae2bb20151e7163bcbfd7cc00', 'status': 'downloaded'}]",73,
不丹是教室,這裡不僅景色宜人，一年只需上幾個月的課… 烏金是不丹一位年輕老師，但他不想教書，反而嚮往能去澳洲，成為一名流浪歌手。教育部為了安撫他，派他到「世界最高學府」任教，一個位於海拔5000公尺的「魯納納國小」，當地不僅景色宜人，一年也只需上幾個月的課…。  經過8天長途跋涉後，烏金終於抵達「魯納納國小」，才發現自己被放逐在一個完全遠離舒適生活圈的環境中。當地沒有電力、聽不見流行音樂，最誇張的是，教室裡竟連「黑板」都沒有…。村民熱情歡迎他的到來，他卻第一次感到人生的無力感，簡直欲哭無淚…。  苦無退路之下，烏金只得硬著頭皮，展開他在「最高學府」的教學生涯。當孩子們的讀書聲，重新迴盪在雪山上，他竟從他們的學習渴望中，找到了從事教職的價值與快樂。眼看寒冬來臨、暴雪將至，學校也要關閉了。此時已愛上「魯納納」的烏金，得趕在冰雪封路之前，決定要不要留下來…。  【關於電影】  攀登世界最高學府《不丹是教室》勇奪美國棕櫚泉觀眾票選獎 不丹被譽為世界上最幸福的國家。電影《不丹是教室》（Lunana: A Yak in the Classroom）就登上5000多公尺的喜馬拉雅山脈上、一個與世隔絕的村落拍攝，一探這個國家的幸福發源地。該片由不丹知名攝影師、編導巴沃邱寧多傑（Pawo Choyning Dorji）與妻子台灣製片賴梵耘（名劇作家賴聲川女兒）聯手製作，劇情根據真實故事改編，敘述一心追逐音樂夢、寧捨教職鐵飯碗的年輕老師烏金（不丹創作歌手希拉布多吉 飾演），意外被「處罰」派到「世界最高學府」魯納納國小任教，此行雖讓他欲哭無淚，卻從中領悟了生命與幸福的真諦。電影一拍完隨即入選美國棕櫚泉、倫敦、溫哥華、釜山、開羅等各大國際影展，片中除冰川高山景緻壯闊吸睛，電影更獲國際媒體〈AMP〉盛讚為「讓人驚歎的美麗與善良」。  「魯納納國小」堪稱是世界上最遙遠的學校，它位於喜馬拉雅山脈冰川之上，須經八天長途跋涉、穿越世上最高山脈才能到達。當地氣候嚴寒、物資匱乏，卻聚齊了天堂的一切要素，皓白雪山、湛藍天空、青綠春草、純淨湖泊，襯以氂牛、寺廟與經幡，被旅人頌為「天堂的入口」，擁有讓人無法自拔、終生難忘的壯麗景緻。有趣的是，村落迄今都沒有電力與網絡，而終其一生從未離開過「魯納納」的村民，都受邀入鏡、參與了本片的拍攝。  《不丹是教室》是巴沃邱寧多傑轉任導演的首部作品。出身不丹貴族的他，為讓觀眾親身感受這種遺世獨立的生活型態，力排眾議上山拍攝，將當地純樸的風光與居民悉數入鏡。但由於基本設施的匱乏，全片完全仰賴太陽能發電才拍攝完成。而曾在倫敦戲劇音樂學院攻讀的賴梵耘，更同時兼任所有演員的表演指導。導演巴沃邱寧多傑藉由「魯納納」的呈現，對映了現今人們之於幸福、歸屬感的追求與迷失。片中一句「那些受了良好教育、象徵國家未來的年輕人，卻總想去別的地方尋找幸福…」，一語道出現今的不丹，正處於東西文化交融、傳統與文明交接的轉捩點。《不丹是教室》不僅全片洗滌人心、發人省思，更一舉勇奪美國「棕櫚泉國際影展」最佳影片、觀眾票選獎等雙料大獎。,上映日期：2020-07-17,片　　長：01時49分,,4.4,"[{'url': 'https://movies.yahoo.com.tw/i/o/production/movies/June2020/SYxcLM1fVck7jJmxCw2J-504x720.jpg', 'path': '不丹是教室.jpg', 'checksum': '25b47ad2cdc483e32f00e7e7467822f4', 'status': 'downloaded'}]",81,
藍色恐懼：數位修復版,★《千年女優》、《東京教父》、《盜夢偵探》日本動畫大師今敏一鳴驚人首部作，全新數位修復版首度在台上映 ★榮獲英國電影雜誌《Total Film》前50大動畫第25名 ★1997年蒙特婁幻想電影節最佳亞洲電影、1998年葡萄牙Fantasporto奇幻電影節最佳動畫片、1998年柏林影展觀摩單元 ★藝術與電影的完美傑作_Asian Movie Pulse ★完美到不行的神作_Cinema Crazed ★今敏是當今最神的動畫導演_Guardian  霧越未麻是女子偶像團體「CHAM」中的成員之一，但在公司的決策下，單飛告別舞台挑戰演員之路，但她卻感覺內心有聲音抗拒這個決定，視為她為背叛者的粉絲，則如影隨形恐嚇著她。而隨著星運多舛的全新開始，未麻卻覺得發現自己的腦袋漸趨混亂，彷彿有「另一個自己」正在悄然形成。與此同時，身邊眾人竟一個個死於非命。在面對社會壓力和懸案疑雲之際，一場風暴即將發生……,上映日期：2020-07-17,片　　長：01時22分,劇情,4.2,"[{'url': 'https://movies.yahoo.com.tw/i/o/production/movies/June2020/Wx8Q5cVmBT5LFJ2uN5rM-504x720.jpg', 'path': '藍色恐懼：數位修復版.jpg', 'checksum': 'f9b504a8193bcf6f68656dc76adb8cb7', 'status': 'downloaded'}]",72,
淒厲人僧前傳,★票房超越《淒厲人僧》，兩周突破1.5億泰銖，近年泰國最賣座恐怖喜劇片。 ★我OK，你先死！佛門不清靜，修行不安寧，喪鐘敲響人頭落地! ★驚嚇獵奇＋瘋狂爆笑！大銀幕消暑雙重感官體驗，死也要成僧！  故事發生在《淒厲人僧》之前，揭露鬧鬼寺廟的真實內幕。 在曼谷郊區的古廟裡，存在一個可怕傳說。任何想到寺廟剃度修行的人都會受到詛咒，並且在剃度前因“鬼和尚”的憤怒而枉死。  但阿隆，阿一和布倫別無選擇，他們已經與神明許下承諾，將修行剃度成僧以回報好運。三人都知道鬼和尚的傳說，但已經太遲了。鬼魂究竟想得到什麼？恐怖與詛咒將如噩夢來臨！ ,上映日期：2020-07-24,片　　長：01時49分,喜劇,2.6,"[{'url': 'https://movies.yahoo.com.tw/i/o/production/movies/July2020/zNI9DwcxfPyYYw2yTP4v-504x720.jpg', 'path': '淒厲人僧前傳.jpg', 'checksum': 'ab1f3d045fe210080bb1c3bb60adb043', 'status': 'downloaded'}]",40,
戀夏時光,★《天才的禮物》《奇蹟男孩》後，最真摯感動的生命故事！ ★《我要為你呼吸》《惡女訂製服》監製Ｘ《漫漫回家路》配樂，攜手打造今年最動人英倫電影！ ★《女巫獵人》潔瑪雅特頓Ｘ《美女與野獸》古古瑪芭塔勞 從影以來最浪漫動人演出！  遇見你，是生命中最美好的意外 二次世界大戰期間，性格孤傲冷僻，拒人於千里之外的作家愛麗絲（潔瑪雅特頓 飾）獨自隱居在英國南方的海邊懸崖旁，苦心鑽研以科學理論推翻魔法的存在。某日，一名從倫敦戰區避難而來的男孩法蘭克（盧卡斯邦德 飾）闖入她的獨居生活，百般不願的愛麗絲對法蘭克極為冷漠、消極，在朝夕相處下，法蘭克的天真與單純卻逐漸瓦解愛麗絲封閉的心房，也喚醒她深埋心中的秘密—那年夏天，她與舊情人（古古瑪芭塔勞 飾）所共度的美好時光…。 ,上映日期：2020-07-24,片　　長：01時39分,溫馨/家庭,3.8,"[{'url': 'https://movies.yahoo.com.tw/i/o/production/movies/June2020/8DVs2RQRPSZIzoufCN8p-493x720.jpg', 'path': '戀夏時光.jpg', 'checksum': 'a103c39677afc7e706a92a188c75b816', 'status': 'downloaded'}]",67,
敢殺就來,★《殺手保鑣》幕後團隊殘酷打造，繼《奪魂鋸》後，步步進逼的血腥遊戲。 ★美國2019 Popcorn Frights 電影節 觀眾票選最佳影片  難得的周末家庭夜變得殘酷無情，傑爾被突然闖入的陌生人挾持，與另外三名囚者受困地下室。當他們試圖逃離，卻陷入一場艱苦的奮戰，他得解決過去的難題並挽救家人…,上映日期：2020-06-05,片　　長：01時37分,,3.1,,83,
淒厲人僧,★2020年泰國億萬票房鬼片，蟬聯雙周票房冠軍，更勝《小丑女》！ ★ 繼《淒厲人妻》後，今年最爆笑泰國恐怖鬼片！ ★ 泰國IG百萬粉絲男星洪天逸，挑戰鮮肉小和尚，大銀幕裸秀冰塊盒六塊肌！  在泰國郊外的荒野古廟流傳著可怕的傳說，只要在此受戒為僧，都會因為神祕詛咒而永世不得還俗，否則將大難臨頭。聽聞傳說而怕爆的和尚阿一(James 飾)和布倫(Aim Aue 飾)因此拋下好友阿隆(August 飾)，連夜逃離寺廟，卻從此衰事連連，甚至差點死翹翹！走投無路的兩人只好回到寺廟，跪求神明保護，沒想到求神不成，反倒招惹上超兇厲鬼糾纏！偏偏此時又來了一位搞不清楚狀況的天菜鮮肉玄兵(Mean 洪天逸 飾)，讓阿一和布倫逃命之餘，還要忙著撩哥護天菜！究竟眾人能否順利擺脫厲鬼詛咒，平安逃出絕命廟？《淒厲人僧》將於2020年6月5日全台戲院上映，更多電影資訊歡迎上威視官方粉絲團查詢：https://www.facebook.com/VVPfans。,上映日期：2020-06-05,片　　長：01時54分,懸疑/驚悚,3.0,,73,
天后小助理,《天后小助理》一片設定在洛杉磯流行音樂圈光彩奪目、紙醉金迷的世界，故事描述流行樂天后葛蕾絲（崔西艾莉絲羅斯 飾）無與倫比的才華和目中無人的自大狂，已經達到了令人難以忍受的巔峰。瑪姬（達柯塔強生 飾）是葛蕾絲工作負荷超載的私人小助理，她總是被葛蕾絲呼來喚去，只能幫她跑跑腿，做一大堆瑣碎的雜事，但是瑪姬仍然希望能夠實現她從小就擁有的夢想，成為一名音樂製作人。當葛蕾絲的經紀人（冰塊酷巴 飾）給了她一個能夠改變她歌唱生涯的選擇時，瑪姬和葛蕾絲就想出了一個計劃，可能可以永遠改變她們的人生。,上映日期：2020-06-24,片　　長：01時53分,,3.8,"[{'url': 'https://movies.yahoo.com.tw/i/o/production/movies/May2020/B1VYi63x22ak6LPtpCSm-800x1127.jpg', 'path': '天后小助理.jpg', 'checksum': 'edf9dcdb126d3d8515763d8ef2da7088', 'status': 'downloaded'}]",74,
1/2的魔法,《1/2的魔法》故事背景在現代科技已比精通魔法還方便的精靈世界，精靈、人馬、美人魚、獨角獸、小龍等魔法生物都生活在現代化社區裡，過著與你我無異的「沒有魔法的生活」。由湯姆霍蘭與克里普瑞特所配音的精靈兄弟們，很小的時後便失去了父親，但在弟弟的16歲生日這天，他收到了一個很特別的禮物- 他父親從前的魔杖以及一串魔咒，可以讓爸爸起死回生，但年久失修的魔法技能，讓施魔法時出了差錯，爸爸只剩一雙腿，於是兄弟倆踏上尋找魔法石的征途，最後能否順利讓爸爸「完璧」歸來呢?,上映日期：2020-05-22,片　　長：01時42分,冒險,4.3,"[{'url': 'https://movies.yahoo.com.tw/i/o/production/movies/May2020/X6Z0vBj3B6xWFurAhMlX-1280x1827.jpg', 'path': '1/2的魔法.jpg', 'checksum': '3d53e4f47d8f6e7ec71819fc338ad63f', 'status': 'downloaded'}]",92,
親愛陌生人,★2020朱比特電影獎-最佳國家電影獎-榮獲 ★2020德國電影獎-年度最高觀影人次獎-榮獲 ★2020巴伐利亞電影節-最佳製作獎-榮獲 ★2019斑比獎-國家電影獎-榮獲 ★2020巴伐利亞電影節- 觀眾票選-最佳影片獎-入圍 ★橫掃德國各大電影獎項  完美秘密將永存於這個小小的科技黑盒子裡… 俗話說：知人知面不知心。隨著科技的進步，「手機」成了現代人最知心的朋友。  每晚睡一起的枕邊人，一起長大的好兄弟，你真的認識他／她嗎？七位多年好友與夫妻檔，相約在月蝕之夜共進晚餐。酒酣耳熱之際，女主人突然提議來玩一場「公開手機」的遊戲。所有人都要將手機放在餐桌上。這晚所有傳來手機的內容，不論簡訊、來電或各種通訊軟體，都必須公開唸出來。四個死檔、三個閨密；七支手機，一場腥風血雨的「坦誠遊戲」就此展開… ,上映日期：2020-06-12,片　　長：01時59分,,4.1,"[{'url': 'https://movies.yahoo.com.tw/i/o/production/movies/May2020/GXtILpXvjIemlqxzO6o0-927x1324.jpg', 'path': '親愛陌生人.jpg', 'checksum': 'c52e5a071f5e8fef71db2eda9d74bd18', 'status': 'downloaded'}]",99,
明信片謀殺案,★繼《火線追緝令》、《龍紋身的女孩》後又一懸疑驚悚犯罪力作！ ★《全面追緝令》《桃色追捕令》「推理天王」詹姆斯派特森全球暢銷小說改編！ ★奧斯卡、金球獎最佳外語片《三不管地帶》導演丹尼斯塔諾維奇最新鉅作！ ★耗資6億台幣重金打造，橫跨倫敦、挪威、斯德哥爾摩、美國四地取景拍攝！  每個命案現場都是一幅名畫　只有屍體知道真相...  紐約刑警雅各(傑佛瑞狄恩摩根飾)和前妻瓦萊麗(芳姬詹森飾)的愛女在倫敦度蜜月時慘遭殺害，雅各親赴歐洲見女兒最後一面，卻發現命案疑點重重，為了追捕兇手他私下展開調查，意外捲入了橫跨全歐洲的連環殺人案。連環殺人案遍布巴黎、哥本哈根，法蘭克福和斯德哥爾摩等各地，每起案件的死者都會跟上一位被害者的屍體殘骸一同擺放成宛如藝術品的奇特姿態，讓案情更加撲朔迷離。  而兇手的行蹤成謎，你永遠不知道下一個受害者是誰，除非收到兇手寄來的明信片。這一回，記者黛西(庫什珍寶飾)收到兇手寄出的明信片寫著：「愛將永不消逝…」成為了查案唯一線索，雅各決定與黛西聯手，抽絲剝繭拼湊出連環殺人案的背後真相！,上映日期：2020-06-19,片　　長：01時45分,,3.9,"[{'url': 'https://movies.yahoo.com.tw/i/o/production/movies/May2020/U0dO2qNU6QT55hpEyV3i-504x720.jpg', 'path': '明信片謀殺案.jpg', 'checksum': 'a2846005db6ba55cc7d71f8ad531ccfd', 'status': 'downloaded'}]",99,
最瘋狂的旅程,★SXSW西南偏南電影節話題電影，首波爛番茄影評100%好評！ ★改編不凡的真實故事! 歡笑感人更勝《逆轉人生》《一路玩到掛》 ★沒有走不動，只有不想動! 人生苦短，必須性感! 說走就走，帥氣勇敢! ★美聲天籟網路人氣王《魚乾》優雅詮釋，電影同名中文主題曲<最瘋狂的旅程>  故事講述三個正值青春年少、性致勃勃的少年：全身癱瘓的史考特、重度視障的阿莫和罹患腦瘤必須坐輪椅的麥特。在聽聞有間專為殘疾人士提供「特殊」服務的天堂俱樂部後，決定排除萬難也要讓自己轉大人。  他們開始安排名為“湖光之旅”計畫，並說服父母讓他們結伴去旅行；但卻遭到父母的強烈反對。三個大男孩開始密謀B計畫，不開葷誓不罷休！三個行動不便的好友，加上看護，四人奇妙組合一起勇闖天涯，遇見前所未有的驚喜，個性南轅北轍的四人，在朝夕相處下，改變彼此無趣的人生。  正當萬事俱備、美夢即將成真的前夕，麥特的病情卻惡化，計畫近乎停擺。父母們也從蛛絲馬跡中，找到下榻飯店，企圖阻止更多事情的發生…,上映日期：2020-06-19,片　　長：01時47分,,3.8,"[{'url': 'https://movies.yahoo.com.tw/i/o/production/movies/May2020/qT4pQtTf790Zsrbj9yrc-504x720.jpg', 'path': '最瘋狂的旅程.jpg', 'checksum': '15bec9fb38070e5f4c16c1004dfb901b', 'status': 'downloaded'}]",88,
72小時前哨救援,★真實事件改編，反恐行動中最慘烈犧牲的戰役 ★震撼超越《紅翼行動》《00：30凌晨密令》 ★被遺忘的前線英雄，和平與戰事的生死交界！ ★《燃燒鬥魂》《愛國者行動》億萬王牌編劇搭檔畢生傑作 ★CNN首席駐地記者-傑克泰普（Jake Tapper），深入險境機密內幕採訪原著  本片改編自CNN首席駐地記者-傑克泰普，深入險境採訪著作 〈被遺忘的前哨(The Outpost: An Untold Story of American Valor)〉  戰線的末端，沒人相信竟然會建立這座前哨站，北面、西面和南面被興都庫什山脈環繞，距離巴基斯坦國界僅15英里。在與世隔絕的阿富汗國度，這個前哨站是國度最偏僻的哨點。  哨點最初是為了讓當地人參與社區發展而建設，但不斷受到塔利班敵軍威脅，駐紮的美國士兵終日處於高緊繃狀態，軍方長官最終選擇撤離時，塔利班敵軍決定以命償命，示威突襲。53名美國士兵在進退維谷險境中與400名叛亂軍奮勇作戰。所有派駐士兵都知道，一旦交火，敵人數量佔盡優勢，不是所有人都能全身而退。  2009年10月某個清晨，5點58分，一枚火箭炮炸醒所有恐懼；在糧食彈藥耗盡前，他們僅剩72小時反攻… ,上映日期：2020-06-24,片　　長：02時03分,動作,3.9,"[{'url': 'https://movies.yahoo.com.tw/i/o/production/movies/June2020/IMwmhWztbkVbWqFa3AFE-504x720.jpg', 'path': '72小時前哨救援.jpg', 'checksum': 'dc6b6da513f68b0ebf0a5d1d7e81b802', 'status': 'downloaded'}]",94,
福島50英雄,"★ 日本雙週票房冠軍　影帝渡邊謙 ╳ 佐藤浩市攜手搶救家園 ★ 日本奧斯卡最佳導演最新鉅作　重量級群星團結演出 ★ 無名英雄們令人動容的奉獻精神　向第一線人員致敬  他們是守護家園的唯一希望！ 2011年3月11日下午2點46分，日本東北地區發生該國史上最強的規模9.0地震，引發的大海嘯並導致超過19,000人喪生。海嘯意外且無情地吞沒了福島縣內的福島第一核電廠，若放著爐心熔毀的核電廠不管，日本將承受超乎想像的災難。  面臨如此生死交關的困境，50位無名英雄們決定留在核電廠處理危機。儘管電廠內部人員辛勤奮鬥，事態卻仍不斷惡化，剩下的方法只有一個：執行圍阻體排放措施。作業員必須以肉身進入反應爐内徒手施作，且是全球史上的首次嘗試，毫無前例可循！  在與外部隔離、無法獲得情報的情況下，英雄們一邊擔心著留在避難所的家人們，一邊開始執行作戰，而全世界都在屏息以待…… 唯有無私奉獻 才能創造奇蹟！ ",上映日期：2020-06-24,片　　長：01時57分,,4.0,"[{'url': 'https://movies.yahoo.com.tw/i/o/production/movies/May2020/zJH9go6lYKzxBgXbQjod-703x1000.jpg', 'path': '福島50英雄.jpg', 'checksum': '887e4b3a239b56d28f116607ac0ce344', 'status': 'downloaded'}]",92,
玩命Online：雙槍對決,★ 2020年美國上映，韓國首周飆出票房冠軍 ★ 網路瘋傳迷因「比魔杖好用」正宗原梗電影 ★《哈利波特》丹尼爾雷德克里夫X《弒婚遊戲》薩瑪拉威明 玩命對決 ★《瘋狂麥斯：憤怒道》《阿凡達》《捍衛任務》炸翻感官 製作團隊 ★ 最危險真人直播遊戲，不是勝利，就是死亡！  邁爾斯（丹尼爾．雷德克里夫 飾）是個無聊的普通上班族，下班後的時間都躲在螢幕後面做鍵盤酸民。  一天，他的留言得罪了危險的「死陣」真人實境遊戲老闆，被揍昏後邁爾斯發現有兩把手槍釘在他的雙手上，不僅造成他吃飯和如廁時極大的困擾，他甚至被強迫加入了這個危險對戰遊戲，得殺掉目前第一名的玩家妮克絲（薩瑪拉．薇明 飾），否則就等著被她殺掉。 ,上映日期：2020-06-24,片　　長：01時35分,懸疑/驚悚,3.7,"[{'url': 'https://movies.yahoo.com.tw/i/o/production/movies/May2020/SLqV1cIKYFPwlwc2uMtm-800x1140.jpg', 'path': '玩命Online：雙槍對決.jpg', 'checksum': 'b078ac2d24de4b2104c534b0bb30c227', 'status': 'downloaded'}]",98,
在時間停止的世界相遇,★ 感動全日本！超越《明天，我要和昨天的妳約會》，年度最催淚戀愛電影！ ★ 超人氣催淚愛情輕小說改編，《座敷童子的代理人》仁科裕貴最新作品！ ★《俺物語!!》青春戀愛電影大師河合勇人最新導演作品！ ★ 板垣瑞生、吉柳咲良、竹内涼真共同演繹最感動揪心約會電影！ ★ 一對因為「傷停補時」邂逅的男女，微甜苦澀，令人心痛的青春戀愛物語！  停止的時間，是我們最初也是最後的愛戀 某個夜晚，青年醫生（竹內涼真飾演）對著抱怨自己看見幽浮，卻沒人相信他的少年患者，聊起過去曾發生在自己身上，那「時間停止」的不可思議經驗，並憶起當時所邂逅的「心愛之人」…。場景一轉，過著黯淡生活的重考生相葉孝司（板垣瑞生飾演），則在某天遭遇到除自己以外，全世界人事物都突然靜止的奇妙現象。那時是12點15分，不知為何只有孝司能自由行動。當他來到大街時，邂逅了同樣能跟他自由行動的少女篠宮時音（吉柳咲良飾演）。兩人萌生淡淡情愫，並將這段停止的時間稱作「傷停補時」。這也讓孝司原本黯淡的日子，突然開始綻放光輝…。  「我也想在傷停補時之外的時間見到妳！」孝司向時音告白了自己的心意。不過時音卻在一句「抱歉，我已經沒辦法再見你了」之後，從孝司面前消失無蹤。時音無法告訴孝司的重大秘密是什麼？究竟青年醫生過去所邂逅的心愛之人是誰？而孝司與時音的戀愛，又將會何去何從呢？  【關於電影】  超越《明天，我要和昨天的妳約會》，年度最催淚戀愛電影  《在時間停止的世界相遇》改編自仁科裕貴的原作小說《初戀，傷停補時》，並被譽為是繼《明天，我要和昨天的妳約會》、《與妳的第100次愛戀》之後，又一揪心催淚的奇幻愛情物語。本片由曾執導《俺物語!!》等片的「青春戀愛電影大師」河合勇人操刀，溫柔描繪出誰都想像不到、獨一無二的耀眼初戀故事。劇組並找來備受矚目的新生代演員板垣瑞生，飾演總是一下子就放棄，每天過得有氣無力的重考生「相葉孝司」。板垣身兼實力派偶像團體「M!LK」人氣成員，更憑藉電影出道作《所羅門的偽證》，一舉拿下日本影評人大獎的「最佳新人男演員獎」肯定，之後並演出NHK大河奇幻劇《精靈守護者》引發話題，而這也是這他首度擔綱主演的作品。  至於能在傷停補時中自由行動的少女「篠宮時音」，則找來拿下第41屆Horipro星探隊歷代最年輕優勝後，又受拔擢成為音樂劇《彼得潘》最年少主演的吉柳咲良擔綱。她近期也參與動畫電影《天氣之子》的配音工作，本片也是她的電影出道之作，將以鮮活演技大受矚目。兩人透過精湛演技，將少男少女初戀時的青澀、對彼此的悸動，甚至是初識時不熟悉彼此的小尷尬，詮釋得絲絲入扣。此外，兩人浪漫甜蜜的約會場景，以及男主角不顧一切為女主角付出的愛，勢必將讓許多觀眾感動落淚。  值得一提的是，過去曾有過「傷停補時」體驗，也知道該現象背後真相的關鍵人物「青年醫生」一角，則由近期人氣爆棚的竹內涼真擔綱；這也是他繼電視劇《黑色止血鉗》之後，再度飾演醫生角色，也為這部戀愛電影更添重量。此外，劇組也找來石橋杏奈、甲本雅裕等實力派演員共同演出，讓故事更加精彩。本片並找來當今最受矚目的流行樂團「綠黃色社會」，為本片量身打造動聽主題曲〈心上人〉，清新地為本片帶來揪心感動。,上映日期：2019-10-09,片　　長：01時45分,奇幻,3.6,,75,
千日千夜,★ 威尼斯影展 最佳導演銀獅獎 ★ 歐洲電影獎 最佳視覺特效獎 ★ 瑞典國寶級電影大師 最新極致鉅作  人間悲歡離合 就是道不盡的一千零一夜 幻夢女郎以神秘的口吻娓娓道來，替故事揭開序幕，因信仰而迷惑的牧師，扛著十字架被鞭打著；戰爭失去雙腳的士兵當起街頭藝人；孤單的返鄉女子無人迎接，落寞地佇立車站；一對夫婦漂浮空中，望著戰火綿延的城市。有人哭，有人笑，有人受傷，有人歡騰，人們總是不斷重複自己的問題，但沒人需要真正的回答。  瑞典國寶導演洛伊安德森（Roy Andersson）最新極致神作，依然以充滿詩意、神一般的眼光凝視著人間，電影當中面色蒼白的角色們就是凡塵縮影。只要人類存在，快樂傷感交織的浮世繪就會無限上演，永無止盡。所幸我們能透過這些殘酷的美麗，看清人性的可愛光輝。  【關於電影 】  在藝術表現上，深受20世紀初新即物主義畫派的影響，洛伊安德森的電影鏡頭總是像幅滿載訊息的畫，畫面中的每個元素都是焦點，都銳利地讓觀眾看得目不轉睛，期待在細節裡看到一點故事線索或人生哲理。「這就跟人生一樣，很多小事其實都舉足輕重，我想在我的電影作品展現這樣的感覺。」洛伊安德森這麼說著。  要達到這樣的細膩質感，製作上要從導演的腦袋開始下手。洛伊安德森在創作時習慣手繪電影氛圍圖，用來與製作團隊溝通腦中理想中的樣子，進而討論場景陳設、攝影鏡頭、打光等執行細節。在《千日千夜》裡，有很大部分的場景都是在攝影棚搭建縮小比例的模型，再將另外拍攝的主角畫面合成進場景中。像是電影主視覺的飛天情侶，就是劇組先花了一個月建造了一座1/200大小的戰後城市模型才進行拍攝，希望透過奇幻細膩的畫面令觀眾品味：當戰火無情轟炸美麗的小鎮，真善美依然會繼續存在於人世間。  在大師洛伊安德森的心中，《千日千夜》英文片名的「Endlessness」並不是要傳達時間無盡的概念，而是想提醒觀影的你：身而為人，即使生活充滿了各種苦與樂，都需要享受當下，因為「存在」將會是永恆的，人性將永遠如繁星閃耀。 ,上映日期：2020-02-27,片　　長：01時16分,,2.6,,78,
極地守護犬,★改編自世界文學名著、20世紀百大小說《野性的呼喚》 ★開拓全新動態捕捉技術視野，將巴克傳奇冒險故事再現大銀幕 ★超擬真動畫視 覺特效 神級表現動物真實感與細膩情感  巨星哈里遜福特所主演《極地守護犬》，由《阿拉丁》、《馴龍高手》動畫大導克里斯桑德斯首度執導真人動畫電影，改編自傑克倫敦世界名著《野性的呼喚》。劇情描述靈犬巴克原本生活在充滿陽光的加州，沒想到卻意外被拐賣到寒冷偏遠、盛產黃金的北方阿拉斯加，巴克輾轉成為雪橇犬，流落在不同主人之間，在這淘金熱時期，等著它的不是安逸的生活，巴克必需呼喚起深藏內心的野性，來面對嚴峻的生存考驗，而最終它將回歸最原始的自己，並成為自己的主人… 極地的守護者。,上映日期：2020-02-27,片　　長：01時40分,動作,4.1,,89,
陪你玩最大,★ 真摯友情 感動直逼《一路玩到掛》 ★ 威尼斯影帝 法布萊斯魯奇尼 Ｘ 凱薩獎影帝提名 派屈克布瑞爾 聯手飆戲 ★ 身邊有最好的朋友 才算擁有最棒的人生 ★ 誤打誤撞的瘋狂旅行 患難與共的真摯情誼 每個人都要《逆轉人生》 ★ 《小王子》製作團隊打造 療癒暖心之作  學生時代起，亞瑟跟凱薩就是患難與共的摯友，因為一場陰錯陽差的誤會，凱薩以為亞瑟得了絕症，只剩下最後幾個月的生命，因此他不顧反對硬搬進亞瑟家，想陪好友完成所有人生心願，把剩下的每一天都活出最瘋狂的色彩......。 ,上映日期：2020-05-08,片　　長：01時58分,喜劇,3.3,,63,
海邊走走,「在愛情的世界裡，沒有先來後到 不被愛的那個，才是第三者」～威廉．莎士比亞 葛瑞絲（安妮特班寧 飾）和艾德華（比爾奈伊 飾）共結連理長達近三十年，就在他們邀請長年定居倫敦的兒子傑米（喬許歐康納 飾）回到老家相聚慶祝時，艾德華卻偷偷告訴傑米，他已經計畫好隔天就要離開葛瑞絲、離開這個黯淡又邊緣的海濱小鎮！原來這對夫妻的關係早已來到地獄般的最低潮──葛瑞成天碎唸艾德華對於生活缺乏熱情，艾德華卻覺得在婚姻裡從未得到滿足，隱忍多年，終於決定奔向另一個溫柔鄉……他和她的未來還有希望嗎？三人一起走過衝突、憤怒、悲傷，卻也交織著溫柔、嬉笑，最終歸於平靜的真實；人生從來就不簡單，通往救贖的路也沒有捷徑──這是一個關於重生、關於希望的故事。  以《悲慘世界》、《神鬼戰士》成名的金獎編劇威廉尼可森，這次執導第二部劇情長片《海邊走走》的陣容可說是無懈可擊，當情緒收放自如、舉手投足都難掩金獎影后氣勢的安妮特班寧，遇上總是用一張「面無表情的表情」散發超凡個人魅力的比爾奈伊，兩人又愛又恨、充滿火花的對手戲絕對不容錯過！  【關於電影】  金獎編劇執導，親身經歷搬上大銀幕 本片由以《悲慘世界》、《神鬼戰士》成名的金獎編劇威廉尼克森，第二部執導的劇情長片，找來金獎影后安妮特班寧，與擁有超凡個人魅力的英國資深男星比爾奈伊，詮釋出一對熟齡夫妻相守多年，曾經相愛的他們，卻在歲月的消磨和多年的忍讓之下漸行漸遠，最終分道揚鑣的寫實婚姻故事。導演威廉尼克森坦言，故事改編自與父母間的親身經歷，片中夾在兩人婚姻僵局之間的兒子傑米，正是導演本人的自我投射，儘管他自嘲自己相較於帥哥演員喬許歐康納，年齡老了些、頭髮少了些，但片中角色所經歷的一切，正是自己生命中相當艱難的一段時期，他形容「作為人子，尤其是成年人，父母離異是令人非常不快的事，首先，你會想逃避，然後試著改善，卻又發現自己無能為力去改變一切，最後甚至發現自己也是問題的一環。」也因為他深愛自己的父母，同時也看透兩人在這段關係中互相帶給對方的痛苦和傷痕，威廉尼克森透過鏡頭，盡可能平衡地處理這對夫妻的立場，希望讓觀眾看到這段關係的一體兩面，而不做出果斷的對錯評判。「我希望試著讓觀眾了解，我父親為何用這麼殘酷的方式離開我的母親，以及她為何總是如此盛氣凌人。我有時會擔心自己不夠公平，但在我心中，我對他們兩位一直很公平。」  安妮特班寧X比爾奈伊影帝影后爭鋒之作！ 導演坦言，選角對於影片的資金很重要，演員的知名度會決定金主要不要投資，因此一開始便選定比爾奈伊和安妮特班寧這兩位影壇巨擘參演。安妮特班寧此次在片中有多段讀詩戲份，為了更完美呈現道地英國腔，安妮特班寧表示：「模仿英國口音這件事我以前就做過了，但是這次在開演前，我有再和一個發音老師學習，我向她學到很多，也練習了很久！」對於安妮特班寧的演出，導演盛讚：「我很高興由安妮特來飾演如此苛刻的女性角色，因為她的演出方式極富同理心。她對每個鏡頭都充滿實驗精神，你能看到她的表演層次越來越深入，令人能一步步感受到角色的傷痛。」而比爾奈伊更是導演多年夢寐以求的合作對象，他那張總是「面無表情的表情」，搭配上明顯比妻子沉默許多的對白，成功演活了這個在婚姻當中早已無話可說的男人，他所演出的外遇丈夫，少了一般人對於負心漢的刻板印象，有的只是一個身陷婚姻僵局，離愛愈來愈遠的無助男性。至於兒子傑米，則找來近期在Netflix原創影集《王冠》中飾演查爾斯王子而嶄露頭角的新生代英國演員喬許歐康納飾演，「當時我看了他在電影《春光之境》中演出一位生在農家的同志，覺得他的演出真是棒透了，因此說服製片不論如何都要讓他來演出傑米這個角色，我希望由他來飾演我。」 ,上映日期：2020-05-15,片　　長：01時40分,,3.9,,69,
巴黎寂寞不打烊,★2020 金馬奇幻影展 浪漫選映 ★遇見真愛前，請先好好愛自己！ ★今年最浪漫法式愛情新品 ★《西班牙公寓》口碑神作導演 又一都會愛情經典 ★「猶如巴黎版《西雅圖夜未眠》。」 - The Times UK ★ 暖系創作女聲 魏妙如 <時間教會我們的事> 深情演繹 電影中文主題曲  三十歲的雷米和梅蘭妮住在巴黎同一區，卻從不認識彼此。他們都是患有大城市孤獨症的受害者，以為在現今以極速網絡聯繫的世界中，交朋友會是很容易的事。他們各自約見心理醫生，期盼能更認識「自我」，在愛情世界中兜圈還是勇往直前，冥冥之中，二人分別走向同一條路……,上映日期：2020-05-22,片　　長：01時50分,,3.8,,75,
靠北少女,★ 日本新片首周票房冠軍 ★ 年度最爆笑ㄎㄧㄤ片 一解社會疫情愁悶氣氛 ★ 日本新生代可愛教主 廣瀨鈴顛覆形象 首次挑戰叛逆少女 ★ 廣瀨鈴 x 吉澤亮 x 堤真一 x 佐藤健 x 妻夫木聰...26 位超豪華陣容共同演出  女大學生七瀨(廣瀨鈴 飾)在沒啥搞頭且面臨解散的死亡金屬樂團「死魂」擔任主唱，正值叛逆期的她非常討厭父親野畑計(堤真一 飾)，常在表演中一邊甩頭一邊大喊「給我去死 吧！」來發洩對父親的不滿。  某天，她的願望成真了，計真的死了？！原來計經營的製藥公司偶然發明了可讓人「假死 2天」的藥，為了抓出偷取公司商業機密的內奸，計試著讓自己死一次。可沒想到敵對公司謀劃讓他的遺體提早火化！  本該討厭父親的七瀨，如何在短短兩天的期限內，與毫無存在感的鬼魂社員松岡卓(吉澤亮飾)、變成鬼魂現身的計，聯手阻止這項陰謀並讓計起死回生呢？,上映日期：2020-05-22,片　　長：01時33分,喜劇,3.2,"[{'url': 'https://movies.yahoo.com.tw/i/o/production/movies/May2020/29E5qAqDozcKhkQmGCxn-1280x1827.jpg', 'path': '靠北少女.jpg', 'checksum': 'a5422dc90869669fecc52d21e6bf680d', 'status': 'downloaded'}]",65,
一首搖滾上月球,在有罕見疾病孩子的家庭裡，爸爸，常常是最先落跑的那個人。,上映日期：2013-10-04,片　　長：01時55分,紀錄片,4.2,"[{'url': 'https://s.yimg.com/vu/movies/fp/mpost/48/87/4887.jpg', 'path': '一首搖滾上月球.jpg', 'checksum': 'b20f0f39cceb8c309dc7d57a23d44488', 'status': 'downloaded'}]",89,
無聲革命,1956年，東柏林的一班畢業生，在資訊封閉的限制下，輾轉得知了匈牙利人正勇敢對蘇聯革命卻死傷慘重，決定隔天在課堂上群起默哀兩分鐘致意。  萬萬沒想到這小舉動卻引發巨大的波瀾，校長協同教育部高官將他們定調為反叛分子，若不揪出主使者，全班都無法畢業，甚至家人的工作都會受影響。 這時究竟該為正義團結，還是自保優先呢？ ,上映日期：2020-04-24,片　　長：01時51分,,4.1,"[{'url': 'https://movies.yahoo.com.tw/i/o/production/movies/April2020/gmfSBSBSDLAD5HWMtXnV-2000x2848.jpg', 'path': '無聲革命.jpg', 'checksum': '07515bba21d62653ca1120457fceeb44', 'status': 'downloaded'}]",67,
錢不夠用2,★失業潮無薪假中一部能夠能撫慰人心的電影，母親節闔家觀賞唯一選擇!,上映日期：2009-05-08,片　　長：02時06分,劇情,4.0,"[{'url': 'https://s.yimg.com/vu/movies/fp/mpost/30/26/3026.jpg', 'path': '錢不夠用2.jpg', 'checksum': '360be27c27d2083d7b2649009c216ca7', 'status': 'downloaded'}]",78,
